{"stats":{"minecraft:killed_by":{"mowziesmobs:umvuthana":1,"minecraft:zombie":1,"laendli_transport:crab":1,"minecraft:iron_golem":1},"minecraft:custom":{"minecraft:blood":0,"minecraft:mob_kills":20,"minecraft:dexterity":0,"minecraft:intelligence":1,"minecraft:move_speed":0,"minecraft:damage_dealt_resisted":0,"minecraft:leave_game":7,"minecraft:time_since_death":5105,"minecraft:climb_one_cm":200,"minecraft:mana":60,"minecraft:time_since_rest":5192,"minecraft:magic_shield":0,"minecraft:sprint_one_cm":207583,"minecraft:walk_one_cm":129121,"minecraft:damage_taken":2678,"minecraft:damage_absorbed":25,"minecraft:drop":2,"minecraft:damage_dealt":1454,"minecraft:health":75,"minecraft:swim_one_cm":20289,"minecraft:talked_to_villager":4,"minecraft:fly_one_cm":1005234,"minecraft:open_chest":22,"minecraft:crouch_one_cm":289,"minecraft:play_time":96712,"minecraft:deaths":5,"minecraft:sneak_time":2487,"minecraft:walk_under_water_one_cm":18163,"minecraft:boat_one_cm":32535,"minecraft:jump":805,"minecraft:energy":50,"minecraft:walk_on_water_one_cm":3829,"minecraft:strength":1,"minecraft:total_world_time":96712,"minecraft:fall_one_cm":27745},"minecraft:picked_up":{"minecraft:feather":5,"minecraft:chicken":3,"minecraft:clay_ball":3,"minecraft:leather":1,"mmorpg:gems/azurite/0":1,"biomeswevegone:incan_lily":1,"third_life_plus:jagged_dagger":1,"minecraft:string":2,"third_life_plus:heart":2,"minecraft:item_frame":1,"minecraft:bone":1,"tetra:scroll_rolled":2,"supplementaries:cartographers_quill":2,"minecraft:bow":2,"minecraft:wheat_seeds":1,"minecraft:beef":4,"minecraft:iron_sword":4,"minecraft:iron_boots":4,"minecraft:egg":3,"mmorpg:gems/opal/0":1,"mmorpg:gems/emerald/0":4,"third_life_plus:golden_heart":3,"patchouli:guide_book":1,"betterarcheology:artifact_shards":1,"minecraft:porkchop":3,"mmorpg:jewelry/necklace/iron":4,"mmorpg:weapon/staff/wood":9,"alexsmobs:animal_dictionary":1,"minecraft:rotten_flesh":4,"minecraft:slime_ball":1,"minecraft:diamond":3,"third_life_plus:reviver_0":1,"alexscaves:hood_of_darkness":1,"minecraft:iron_helmet":3,"mowziesmobs:umvuthana_mask_fear":1,"minecraft:coal":15},"minecraft:used":{"marvelous_menagerie:ophthalmo_spawn_egg":2,"minecraft:water_bucket":3,"minecraft:netherite_sword":22,"minecraft:dirt_path":2,"mowziesmobs:umvuthana_mask_fear":1,"minecraft:poppy":4,"minecraft:iron_sword":57,"marvelous_menagerie:baby_ophthalmo_bucket":14,"minecraft:rotten_flesh":3,"gateways:gate_pearl":1,"waterframes:tv":1,"third_life_plus:golden_heart":3,"third_life_plus:reviver_0":1,"rats:rat_spawn_egg":5,"waterframes:frame":1,"waterframes:big_tv":3,"mmorpg:weapon/staff/wood":1,"minecraft:bucket":10,"minecraft:oak_boat":1,"minecraft:dandelion":9},"minecraft:mined":{"farmersdelight:wild_carrots":1,"minecraft:dandelion":1,"unusualprehistory:tar":3,"minecraft:grass":4,"betterarcheology:loot_vase":1},"minecraft:killed":{"minecraft:pig":2,"minecraft:spider":1,"minecraft:slime":8,"minecraft:zombie":2,"minecraft:chicken":3,"minecraft:cow":2},"minecraft:dropped":{"minecraft:wheat_seeds":1,"minecraft:diamond":1}},"DataVersion":3465}