{"stats":{"minecraft:mined":{"minecraft:grass":5,"minecraft:fern":2},"minecraft:custom":{"minecraft:mob_kills":129,"minecraft:open_barrel":3,"minecraft:damage_dealt_resisted":0,"minecraft:leave_game":1,"minecraft:time_since_death":44326,"minecraft:time_since_rest":44374,"minecraft:walk_one_cm":169691,"minecraft:sprint_one_cm":160302,"minecraft:damage_taken":1132,"minecraft:damage_absorbed":120,"minecraft:damage_dealt":2537,"minecraft:fly_one_cm":299949,"minecraft:crouch_one_cm":163,"minecraft:play_time":74680,"minecraft:deaths":3,"minecraft:sneak_time":282,"minecraft:jump":308,"minecraft:walk_on_water_one_cm":1190,"minecraft:total_world_time":74680,"minecraft:fall_one_cm":1487},"minecraft:used":{"born_in_chaos_v1:dark_ritual_dagger":2,"create:brass_casing":1,"railways:handcar":1,"relics:researching_table":1,"celestisynth:poltergeist":3,"born_in_chaos_v1:great_reaper_axe":19,"born_in_chaos_v1:darkwarblade":2,"born_in_chaos_v1:hound_trap":2,"create:red_seat":1,"born_in_chaos_v1:shell_mace":4,"create:railway_casing":19,"minecraft:golden_apple":4,"gateways:gate_pearl":1,"celestisynth:rainfall_serenity":8,"celestisynth:crescentia":6,"waterframes:tv":3,"create:track_station":4,"born_in_chaos_v1:spiny_shell_trap":1,"minecraft:red_bed":1,"laendli_transport:item_airship":1,"laendli_transport:item_halftrack":1,"quark:red_stool":4,"born_in_chaos_v1:skullbreaker_hammer":7,"celestisynth:solaris":3,"born_in_chaos_v1:soul_cutlass":3,"waterframes:remote":1,"nethersdelight:stuffed_hoglin":1,"create:track":44,"create:controls":5,"born_in_chaos_v1:soulbane":3,"create:wrench":3,"alexscaves:sea_staff":22,"call_of_yucutan:reflector":2,"minecraft:grass_block":6,"born_in_chaos_v1:sharpened_dark_metal_sword":2,"alexscaves:extinction_spear":1,"born_in_chaos_v1:staffofthe_summoner":3,"call_of_yucutan:solar_projector":1,"born_in_chaos_v1:intoxicating_dagger":3,"born_in_chaos_v1:nightmare_scythe":9,"alexscaves:sea_pig_bucket":1,"unusualprehistory:barina_whistle":2,"minecraft:diamond_sword":33,"minecraft:bow":20,"waterframes:projector":2,"another_furniture:service_bell":2,"celestisynth:frostbound":5},"minecraft:picked_up":{"born_in_chaos_v1:fused_bone":1,"alexscaves:sea_pig":1,"minecraft:feather":6,"minecraft:cooked_beef":64,"minecraft:diamond_sword":1,"wardrobe:fox_hide":1,"biomeswevegone:kovan_flower":1,"minecraft:shield":1,"minecraft:gunpowder":2,"celestisynth:frostbound":1,"third_life_plus:heart":1,"minecraft:iron_leggings":1,"minecraft:bone":4,"minecraft:bow":1,"minecraft:wheat_seeds":9,"minecraft:iron_boots":1,"minecraft:stick":2,"nethersdelight:hoglin_ear":2,"minecraft:arrow":1,"minecraft:slime_ball":139,"minecraft:iron_helmet":1,"minecraft:painting":2,"wardrobe:silk":4,"minecraft:golden_apple":61,"minecraft:emerald":1},"minecraft:killed":{"minecraft:parrot":2,"alexsmobs:skunk":2,"minecraft:vindicator":1,"minecraft:slime":105,"minecraft:creeper":1,"minecraft:skeleton":3,"minecraft:pillager":4,"minecraft:fox":1,"minecraft:silverfish":3,"minecraft:illusioner":4,"minecraft:villager":2},"minecraft:killed_by":{"minecraft:slime":3}},"DataVersion":3465}