{
  "takesapillage:root": {
    "criteria": {
      "always": "2024-09-16 19:02:56 +0000"
    },
    "done": true
  },
  "incendium:technical/scroll_of_returning": {
    "criteria": {
      "log_spam_fixer": "2024-09-16 19:02:56 +0000"
    },
    "done": false
  },
  "incendium:technical/using/ragnarok": {
    "criteria": {
      "log_spam_fixer": "2024-09-16 19:02:56 +0000"
    },
    "done": false
  },
  "farmersdelight:main/root": {
    "criteria": {
      "seeds": "2024-09-16 19:02:56 +0000"
    },
    "done": true
  },
  "create:root": {
    "criteria": {
      "0": "2024-09-16 19:02:56 +0000"
    },
    "done": true
  },
  "repurposed_structures:root": {
    "criteria": {
      "always": "2024-09-16 19:02:56 +0000"
    },
    "done": true
  },
  "incendium:technical/using/trailblazer": {
    "criteria": {
      "log_spam_fixer": "2024-09-16 19:02:56 +0000"
    },
    "done": false
  },
  "minecraft:adventure/adventuring_time": {
    "criteria": {
      "minecraft:snowy_slopes": "2024-09-16 22:03:36 +0000",
      "minecraft:taiga": "2024-09-16 22:05:04 +0000",
      "minecraft:deep_ocean": "2024-09-16 22:10:36 +0000",
      "minecraft:cherry_grove": "2024-09-16 21:59:47 +0000",
      "minecraft:beach": "2024-09-16 22:16:24 +0000",
      "minecraft:dark_forest": "2024-09-16 22:04:26 +0000",
      "minecraft:sparse_jungle": "2024-09-16 22:21:06 +0000",
      "minecraft:river": "2024-09-16 22:23:02 +0000",
      "minecraft:jagged_peaks": "2024-09-16 22:03:22 +0000",
      "minecraft:forest": "2024-09-16 19:06:59 +0000",
      "minecraft:desert": "2024-09-16 22:24:39 +0000",
      "minecraft:jungle": "2024-09-16 22:26:02 +0000",
      "minecraft:ocean": "2024-09-16 22:07:46 +0000",
      "minecraft:old_growth_birch_forest": "2024-09-16 22:04:05 +0000",
      "minecraft:savanna": "2024-09-16 22:26:53 +0000",
      "minecraft:plains": "2024-09-16 19:02:56 +0000"
    },
    "done": false
  },
  "parcool:grant_parcool_guide": {
    "criteria": {
      "tick": "2024-09-16 19:02:56 +0000"
    },
    "done": true
  },
  "incendium:technical/using/shield": {
    "criteria": {
      "log_spam_fixer": "2024-09-16 19:02:56 +0000"
    },
    "done": false
  },
  "incendium:technical/new_player": {
    "criteria": {
      "requirement": "2024-09-16 19:02:56 +0000"
    },
    "done": true
  },
  "supplementaries:adventure/way_sign": {
    "criteria": {
      "bastion": "2024-09-16 19:04:26 +0000"
    },
    "done": true
  },
  "betterarcheology:loot_vase_broken": {
    "criteria": {
      "criteria": "2024-09-16 19:04:46 +0000"
    },
    "done": true
  },
  "betterarcheology:artifact_shards": {
    "criteria": {
      "has_shards": "2024-09-16 19:04:47 +0000"
    },
    "done": true
  },
  "minecraft:story/mine_diamond": {
    "criteria": {
      "diamond": "2024-09-16 19:04:47 +0000"
    },
    "done": true
  },
  "minecraft:adventure/root": {
    "criteria": {
      "killed_something": "2024-09-16 19:06:08 +0000"
    },
    "done": true
  },
  "dungeonnowloading:story/labyrinth/loot_simple_dungeon": {
    "criteria": {
      "loot_simple_dungeon": "2024-09-16 19:07:00 +0000"
    },
    "done": true
  },
  "minecraft:story/obtain_armor": {
    "criteria": {
      "iron_helmet": "2024-09-16 19:07:03 +0000"
    },
    "done": true
  },
  "tetra:spelunking/find_scroll": {
    "criteria": {
      "find": "2024-09-16 19:07:20 +0000"
    },
    "done": true
  },
  "tetra:spelunking/find_scroll_sturdy": {
    "criteria": {
      "find": "2024-09-16 19:07:20 +0000"
    },
    "done": true
  },
  "minecraft:husbandry/balanced_diet": {
    "criteria": {
      "rotten_flesh": "2024-09-16 19:08:34 +0000"
    },
    "done": false
  },
  "minecraft:husbandry/root": {
    "criteria": {
      "consumed_item": "2024-09-16 19:08:34 +0000"
    },
    "done": true
  },
  "minecraft:adventure/kill_all_mobs": {
    "criteria": {
      "minecraft:spider": "2024-09-16 22:38:45 +0000",
      "minecraft:slime": "2024-09-16 21:56:51 +0000",
      "minecraft:zombie": "2024-09-16 19:09:50 +0000"
    },
    "done": false
  },
  "minecraft:adventure/kill_a_mob": {
    "criteria": {
      "minecraft:zombie": "2024-09-16 19:09:50 +0000"
    },
    "done": true
  },
  "travelersbackpack:standard_from_custom": {
    "criteria": {
      "has_the_recipe": "2024-09-16 21:54:04 +0000"
    },
    "done": true
  },
  "biomeswevegone:biomeswevegone/root": {
    "criteria": {
      "tick": "2024-09-16 21:54:05 +0000"
    },
    "done": true
  },
  "rats:root": {
    "criteria": {
      "tick": "2024-09-16 21:54:05 +0000"
    },
    "done": true
  },
  "biomeswevegone:biomeswevegone/adventure/oh_the_biomes_weve_gone": {
    "criteria": {
      "biomeswevegone:crag_gardens": "2024-09-16 22:21:43 +0000",
      "biomeswevegone:sakura_grove": "2024-09-16 22:03:38 +0000",
      "biomeswevegone:enchanted_tangle": "2024-09-16 22:26:12 +0000",
      "biomeswevegone:temperate_grove": "2024-09-16 22:02:57 +0000",
      "biomeswevegone:forgotten_forest": "2024-09-16 22:03:52 +0000",
      "biomeswevegone:canadian_shield": "2024-09-16 22:03:01 +0000",
      "biomeswevegone:ironwood_gour": "2024-09-16 22:23:13 +0000",
      "biomeswevegone:orchard": "2024-09-16 22:02:50 +0000",
      "biomeswevegone:amaranth_grassland": "2024-09-16 22:23:04 +0000",
      "biomeswevegone:basalt_barrera": "2024-09-16 22:23:36 +0000",
      "biomeswevegone:aspen_boreal": "2024-09-16 22:02:22 +0000",
      "biomeswevegone:howling_peaks": "2024-09-16 22:03:00 +0000",
      "biomeswevegone:skyrise_vale": "2024-09-16 22:02:45 +0000",
      "biomeswevegone:allium_shrubland": "2024-09-16 22:02:52 +0000",
      "biomeswevegone:baobab_savanna": "2024-09-16 22:24:03 +0000"
    },
    "done": false
  },
  "biomeswevegone:biomeswevegone/adventure/root": {
    "criteria": {
      "biomeswevegone:aspen_boreal": "2024-09-16 22:02:22 +0000"
    },
    "done": true
  },
  "marvelous_menagerie:main/ophthalmo": {
    "criteria": {
      "baby_ophthalmo_bucket": "2024-09-16 22:07:22 +0000"
    },
    "done": true
  },
  "marvelous_menagerie:main/ophthalmo_armor": {
    "criteria": {
      "ophthalmo_armor": "2024-09-16 22:09:14 +0000"
    },
    "done": true
  },
  "tetra:spelunking/root": {
    "criteria": {
      "spelunking": "2024-09-16 22:10:53 +0000"
    },
    "done": true
  },
  "twilightforest:root": {
    "criteria": {
      "make_portal": "2024-09-16 22:30:29 +0000"
    },
    "done": true
  },
  "tetra:recipes/string": {
    "criteria": {
      "got_string": "2024-09-16 22:38:46 +0000"
    },
    "done": true
  },
  "minecraft:adventure/lightning_rod_with_villager_no_fire": {
    "criteria": {
      "lightning_rod_with_villager_no_fire": "2024-09-16 22:41:07 +0000"
    },
    "done": true
  },
  "alexscaves:alexscaves/shadow_armor": {
    "criteria": {
      "helmet": "2024-09-16 22:44:44 +0000",
      "tunic": "2024-09-16 22:44:07 +0000"
    },
    "done": true
  },
  "dungeons_arise:wda_root": {
    "criteria": {
      "WDA": "2024-09-17 01:14:57 +0000"
    },
    "done": true
  },
  "mowziesmobs:root": {
    "criteria": {
      "custom_test_name": "2024-09-17 01:14:57 +0000"
    },
    "done": true
  },
  "born_in_chaos_v1:bornin_chaos": {
    "criteria": {
      "bornin_chaos_0": "2024-09-17 01:14:57 +0000"
    },
    "done": true
  },
  "incendium:technical/sentrys_wrath": {
    "criteria": {
      "log_spam_fixer": "2024-09-17 01:22:27 +0000"
    },
    "done": false
  },
  "incendium:technical/inventory/sentrys_wrath": {
    "criteria": {
      "log_spam_fixer": "2024-09-17 01:22:27 +0000"
    },
    "done": false
  },
  "incendium:technical/multiplex_crossbow": {
    "criteria": {
      "log_spam_fixer": "2024-09-17 01:22:27 +0000"
    },
    "done": false
  },
  "incendium:technical/feed_ghastling": {
    "criteria": {
      "log_spam_fixer": "2024-09-17 01:22:27 +0000"
    },
    "done": false
  },
  "incendium:technical/on_inventory_change": {
    "criteria": {
      "log_spam_fixer": "2024-09-17 01:22:27 +0000"
    },
    "done": false
  },
  "incendium:technical/on_player_hurt": {
    "criteria": {
      "log_spam_fixer": "2024-09-17 01:22:27 +0000"
    },
    "done": false
  },
  "incendium:technical/firestorm": {
    "criteria": {
      "log_spam_fixer": "2024-09-17 01:22:27 +0000"
    },
    "done": false
  },
  "incendium:technical/holy_wrath": {
    "criteria": {
      "log_spam_fixer": "2024-09-17 01:22:27 +0000"
    },
    "done": false
  },
  "incendium:technical/on_block": {
    "criteria": {
      "log_spam_fixer": "2024-09-17 01:22:27 +0000"
    },
    "done": false
  },
  "incendium:technical/inventory/firestorm": {
    "criteria": {
      "log_spam_fixer": "2024-09-17 01:22:27 +0000"
    },
    "done": false
  },
  "incendium:technical/give_ghastling": {
    "criteria": {
      "log_spam_fixer": "2024-09-17 01:22:27 +0000"
    },
    "done": false
  },
  "incendium:technical/on_kill": {
    "criteria": {
      "log_spam_fixer": "2024-09-17 01:22:27 +0000"
    },
    "done": false
  },
  "DataVersion": 3465
}