{
  "takesapillage:root": {
    "criteria": {
      "always": "2024-09-17 03:08:47 +0000"
    },
    "done": true
  },
  "biomeswevegone:biomeswevegone/root": {
    "criteria": {
      "tick": "2024-09-17 03:08:47 +0000"
    },
    "done": true
  },
  "dungeons_arise:wda_root": {
    "criteria": {
      "WDA": "2024-09-17 03:08:47 +0000"
    },
    "done": true
  },
  "farmersdelight:main/root": {
    "criteria": {
      "seeds": "2024-09-17 03:08:47 +0000"
    },
    "done": true
  },
  "create:root": {
    "criteria": {
      "0": "2024-09-17 03:08:47 +0000"
    },
    "done": true
  },
  "repurposed_structures:root": {
    "criteria": {
      "always": "2024-09-17 03:08:47 +0000"
    },
    "done": true
  },
  "travelersbackpack:standard_from_custom": {
    "criteria": {
      "has_the_recipe": "2024-09-17 03:08:47 +0000"
    },
    "done": true
  },
  "mowziesmobs:root": {
    "criteria": {
      "custom_test_name": "2024-09-17 03:08:47 +0000"
    },
    "done": true
  },
  "parcool:grant_parcool_guide": {
    "criteria": {
      "tick": "2024-09-17 03:08:47 +0000"
    },
    "done": true
  },
  "born_in_chaos_v1:bornin_chaos": {
    "criteria": {
      "bornin_chaos_0": "2024-09-17 03:08:47 +0000"
    },
    "done": true
  },
  "rats:root": {
    "criteria": {
      "tick": "2024-09-17 03:08:47 +0000"
    },
    "done": true
  },
  "incendium:technical/new_player": {
    "criteria": {
      "requirement": "2024-09-17 03:08:47 +0000"
    },
    "done": true
  },
  "incendium:technical/scroll_of_returning": {
    "criteria": {
      "log_spam_fixer": "2024-09-17 03:08:49 +0000"
    },
    "done": false
  },
  "incendium:technical/using/ragnarok": {
    "criteria": {
      "log_spam_fixer": "2024-09-17 03:08:49 +0000"
    },
    "done": false
  },
  "incendium:technical/using/trailblazer": {
    "criteria": {
      "log_spam_fixer": "2024-09-17 03:08:49 +0000"
    },
    "done": false
  },
  "minecraft:adventure/adventuring_time": {
    "criteria": {
      "minecraft:beach": "2024-09-17 03:14:52 +0000",
      "minecraft:dark_forest": "2024-09-17 03:09:29 +0000",
      "minecraft:ocean": "2024-09-17 03:08:49 +0000"
    },
    "done": false
  },
  "incendium:technical/using/shield": {
    "criteria": {
      "log_spam_fixer": "2024-09-17 03:08:49 +0000"
    },
    "done": false
  },
  "celestisynth:obtain_frostbound": {
    "criteria": {
      "criteria": "2024-09-17 03:10:07 +0000"
    },
    "done": true
  },
  "minecraft:adventure/root": {
    "criteria": {
      "killed_something": "2024-09-17 03:10:09 +0000"
    },
    "done": true
  },
  "minecraft:adventure/kill_all_mobs": {
    "criteria": {
      "minecraft:pillager": "2024-09-17 03:10:52 +0000",
      "minecraft:skeleton": "2024-09-17 03:12:41 +0000",
      "minecraft:vindicator": "2024-09-17 03:12:20 +0000",
      "minecraft:creeper": "2024-09-17 03:10:09 +0000",
      "minecraft:slime": "2024-09-17 03:31:29 +0000",
      "minecraft:silverfish": "2024-09-17 03:13:03 +0000"
    },
    "done": false
  },
  "minecraft:adventure/kill_a_mob": {
    "criteria": {
      "minecraft:creeper": "2024-09-17 03:10:09 +0000"
    },
    "done": true
  },
  "celestisynth:obtain_aquaflora": {
    "criteria": {
      "criteria": "2024-09-17 03:10:50 +0000"
    },
    "done": true
  },
  "celestisynth:obtain_rainfall_serenity": {
    "criteria": {
      "criteria": "2024-09-17 03:11:05 +0000"
    },
    "done": true
  },
  "celestisynth:obtain_crescentia": {
    "criteria": {
      "criteria": "2024-09-17 03:11:32 +0000"
    },
    "done": true
  },
  "celestisynth:obtain_poltergeist": {
    "criteria": {
      "criteria": "2024-09-17 03:12:03 +0000"
    },
    "done": true
  },
  "dungeons_arise:find_undead_pirate_ship": {
    "criteria": {
      "location0": "2024-09-17 03:12:32 +0000"
    },
    "done": true
  },
  "celestisynth:obtain_solaris": {
    "criteria": {
      "criteria": "2024-09-17 03:13:45 +0000"
    },
    "done": true
  },
  "biomeswevegone:biomeswevegone/adventure/oh_the_biomes_weve_gone": {
    "criteria": {
      "biomeswevegone:zelkova_forest": "2024-09-17 03:15:00 +0000",
      "biomeswevegone:weeping_witch_forest": "2024-09-17 03:14:59 +0000"
    },
    "done": false
  },
  "biomeswevegone:biomeswevegone/adventure/root": {
    "criteria": {
      "biomeswevegone:weeping_witch_forest": "2024-09-17 03:14:59 +0000"
    },
    "done": true
  },
  "alexsmobs:alexsmobs/dimensional_carver": {
    "criteria": {
      "dimensional_carver": "2024-09-17 03:18:03 +0000"
    },
    "done": true
  },
  "farmersdelight:main/craft_knife": {
    "criteria": {
      "iron_knife": "2024-09-17 03:19:12 +0000"
    },
    "done": true
  },
  "call_of_yucutan:interact_with_mirror": {
    "criteria": {
      "interact_with_mirror_0": "2024-09-17 03:22:02 +0000"
    },
    "done": true
  },
  "call_of_yucutan:get_burnt_by_light": {
    "criteria": {
      "get_burnt_by_light_0": "2024-09-17 03:22:04 +0000"
    },
    "done": true
  },
  "call_of_yucutan:use_hematite_shield": {
    "criteria": {
      "use_hematite_shield_0": "2024-09-17 03:22:30 +0000"
    },
    "done": true
  },
  "alexscaves:alexscaves/extinction_spear": {
    "criteria": {
      "dreadbow": "2024-09-17 03:24:30 +0000"
    },
    "done": true
  },
  "alexscaves:alexscaves/deep_one_items": {
    "criteria": {
      "sea_staff": "2024-09-17 03:24:53 +0000",
      "ortholance": "2024-09-17 03:24:53 +0000"
    },
    "done": false
  },
  "alexscaves:alexscaves/abyssal_bucket": {
    "criteria": {
      "sea_pig_bucket": "2024-09-17 03:25:22 +0000"
    },
    "done": true
  },
  "minecraft:story/obtain_armor": {
    "criteria": {
      "iron_helmet": "2024-09-17 03:30:09 +0000"
    },
    "done": true
  },
  "biomeswevegone:biomeswevegone/husbandry/johnny_appleseed": {
    "criteria": {
      "golden_apple": "2024-09-17 03:30:40 +0000"
    },
    "done": false
  },
  "minecraft:adventure/shoot_arrow": {
    "criteria": {
      "shot_arrow": "2024-09-17 03:31:29 +0000"
    },
    "done": true
  },
  "biomeswevegone:biomeswevegone/husbandry/root": {
    "criteria": {
      "consumed_item": "2024-09-17 03:32:24 +0000"
    },
    "done": true
  },
  "minecraft:husbandry/balanced_diet": {
    "criteria": {
      "golden_apple": "2024-09-17 03:32:24 +0000"
    },
    "done": false
  },
  "minecraft:husbandry/root": {
    "criteria": {
      "consumed_item": "2024-09-17 03:32:24 +0000"
    },
    "done": true
  },
  "botania:main/cacophonium_craft": {
    "criteria": {
      "cacophonium": "2024-09-17 03:37:24 +0000"
    },
    "done": true
  },
  "botania:challenge/king_key": {
    "criteria": {
      "key": "2024-09-17 03:39:46 +0000"
    },
    "done": true
  },
  "born_in_chaos_v1:squireofthe_dark_lord": {
    "criteria": {
      "squireofthe_dark_lord_4": "2024-09-17 03:51:21 +0000",
      "squireofthe_dark_lord_3": "2024-09-17 03:51:24 +0000",
      "squireofthe_dark_lord_6": "2024-09-17 03:49:31 +0000",
      "squireofthe_dark_lord_5": "2024-09-17 03:48:21 +0000",
      "squireofthe_dark_lord_0": "2024-09-17 03:49:29 +0000",
      "squireofthe_dark_lord_2": "2024-09-17 03:46:47 +0000",
      "squireofthe_dark_lord_1": "2024-09-17 03:49:25 +0000"
    },
    "done": true
  },
  "born_in_chaos_v1:bowfor_wizards": {
    "criteria": {
      "bowfor_wizards_0": "2024-09-17 03:46:51 +0000"
    },
    "done": true
  },
  "born_in_chaos_v1:bonk": {
    "criteria": {
      "bonk_0": "2024-09-17 03:47:05 +0000"
    },
    "done": true
  },
  "born_in_chaos_v1:unlucky_hunter": {
    "criteria": {
      "unlucky_hunter_0": "2024-09-17 03:47:33 +0000"
    },
    "done": true
  },
  "born_in_chaos_v1:rampage": {
    "criteria": {
      "rampage_0": "2024-09-17 03:49:56 +0000"
    },
    "done": true
  },
  "minecraft:main/adorned_staff": {
    "criteria": {
      "adorned_staff": "2024-09-17 03:52:13 +0000"
    },
    "done": true
  },
  "create:track_0": {
    "criteria": {
      "0": "2024-09-17 03:55:25 +0000"
    },
    "done": true
  },
  "create:wrench_goggles": {
    "criteria": {
      "0": "2024-09-17 03:59:59 +0000"
    },
    "done": false
  },
  "create:train": {
    "criteria": {
      "0": "2024-09-17 04:04:19 +0000"
    },
    "done": true
  },
  "beachparty:palm_sign": {
    "criteria": {
      "has_the_recipe": "2024-09-17 13:32:35 +0000"
    },
    "done": true
  },
  "beachparty:sunglasses": {
    "criteria": {
      "has_the_recipe": "2024-09-17 13:32:35 +0000"
    },
    "done": true
  },
  "beachparty:palm_pressure_plate": {
    "criteria": {
      "has_the_recipe": "2024-09-17 13:32:35 +0000"
    },
    "done": true
  },
  "beachparty:bikini": {
    "criteria": {
      "has_the_recipe": "2024-09-17 13:32:35 +0000"
    },
    "done": true
  },
  "beachparty:palm_chest_boat": {
    "criteria": {
      "has_the_recipe": "2024-09-17 13:32:35 +0000"
    },
    "done": true
  },
  "beachparty:mini_fridge": {
    "criteria": {
      "has_the_recipe": "2024-09-17 13:32:35 +0000"
    },
    "done": true
  },
  "alekiships:crafting/anchor": {
    "criteria": {
      "has_the_recipe": "2024-09-17 13:32:35 +0000"
    },
    "done": true
  },
  "beachparty:chair": {
    "criteria": {
      "has_the_recipe": "2024-09-17 13:32:35 +0000"
    },
    "done": true
  },
  "beachparty:palm_beam": {
    "criteria": {
      "has_the_recipe": "2024-09-17 13:32:35 +0000"
    },
    "done": true
  },
  "beachparty:palm_door": {
    "criteria": {
      "has_the_recipe": "2024-09-17 13:32:35 +0000"
    },
    "done": true
  },
  "alekiships:crafting/oar": {
    "criteria": {
      "has_the_recipe": "2024-09-17 13:32:35 +0000"
    },
    "done": true
  },
  "beachparty:beach_hat": {
    "criteria": {
      "has_the_recipe": "2024-09-17 13:32:35 +0000"
    },
    "done": true
  },
  "beachparty:hammock": {
    "criteria": {
      "has_the_recipe": "2024-09-17 13:32:35 +0000"
    },
    "done": true
  },
  "alekiships:crafting/cannonball": {
    "criteria": {
      "has_the_recipe": "2024-09-17 13:32:35 +0000"
    },
    "done": true
  },
  "beachparty:table": {
    "criteria": {
      "has_the_recipe": "2024-09-17 13:32:35 +0000"
    },
    "done": true
  },
  "beachparty:cabinet": {
    "criteria": {
      "has_the_recipe": "2024-09-17 13:32:35 +0000"
    },
    "done": true
  },
  "bakery:main/root": {
    "criteria": {
      "seeds": "2024-09-17 13:32:35 +0000"
    },
    "done": true
  },
  "beachparty:palm_floorboard": {
    "criteria": {
      "has_the_recipe": "2024-09-17 13:32:35 +0000"
    },
    "done": true
  },
  "beachparty:radio": {
    "criteria": {
      "has_the_recipe": "2024-09-17 13:32:35 +0000"
    },
    "done": true
  },
  "beachparty:palm_planks": {
    "criteria": {
      "has_the_recipe": "2024-09-17 13:32:35 +0000"
    },
    "done": true
  },
  "alekiships:crafting/cleat": {
    "criteria": {
      "has_the_recipe": "2024-09-17 13:32:35 +0000"
    },
    "done": true
  },
  "beachparty:palm_stairs": {
    "criteria": {
      "has_the_recipe": "2024-09-17 13:32:35 +0000"
    },
    "done": true
  },
  "beachparty:tiki_chair": {
    "criteria": {
      "has_the_recipe": "2024-09-17 13:32:35 +0000"
    },
    "done": true
  },
  "beachparty:palm_boat": {
    "criteria": {
      "has_the_recipe": "2024-09-17 13:32:35 +0000"
    },
    "done": true
  },
  "alekiships:crafting/cannon": {
    "criteria": {
      "has_the_recipe": "2024-09-17 13:32:35 +0000"
    },
    "done": true
  },
  "beachparty:beach_chair": {
    "criteria": {
      "has_the_recipe": "2024-09-17 13:32:35 +0000"
    },
    "done": true
  },
  "beachparty:palm_slab": {
    "criteria": {
      "has_the_recipe": "2024-09-17 13:32:35 +0000"
    },
    "done": true
  },
  "alekiships:crafting/watercraft_frame_flat": {
    "criteria": {
      "has_the_recipe": "2024-09-17 13:32:35 +0000"
    },
    "done": true
  },
  "beachparty:palm_fence_gate": {
    "criteria": {
      "has_the_recipe": "2024-09-17 13:32:35 +0000"
    },
    "done": true
  },
  "alekiships:crafting/oarlock": {
    "criteria": {
      "has_the_recipe": "2024-09-17 13:32:35 +0000"
    },
    "done": true
  },
  "beachparty:palm_trapdoor": {
    "criteria": {
      "has_the_recipe": "2024-09-17 13:32:35 +0000"
    },
    "done": true
  },
  "beachparty:palm_fence": {
    "criteria": {
      "has_the_recipe": "2024-09-17 13:32:35 +0000"
    },
    "done": true
  },
  "herbalbrews:main/root": {
    "criteria": {
      "seeds": "2024-09-17 13:32:35 +0000"
    },
    "done": true
  },
  "beachparty:palm_button": {
    "criteria": {
      "has_the_recipe": "2024-09-17 13:32:35 +0000"
    },
    "done": true
  },
  "beachparty:palm_tall_torch": {
    "criteria": {
      "has_the_recipe": "2024-09-17 13:32:35 +0000"
    },
    "done": true
  },
  "beachparty:palm_wood": {
    "criteria": {
      "has_the_recipe": "2024-09-17 13:32:35 +0000"
    },
    "done": true
  },
  "alekiships:crafting/watercraft_frame_angled": {
    "criteria": {
      "has_the_recipe": "2024-09-17 13:32:35 +0000"
    },
    "done": true
  },
  "candlelight:main/root": {
    "criteria": {
      "seeds": "2024-09-17 13:32:35 +0000"
    },
    "done": true
  },
  "beachparty:beach_towel": {
    "criteria": {
      "has_the_recipe": "2024-09-17 13:32:35 +0000"
    },
    "done": true
  },
  "beachparty:lounge_chair": {
    "criteria": {
      "has_the_recipe": "2024-09-17 13:32:35 +0000"
    },
    "done": true
  },
  "vinery:main/root": {
    "criteria": {
      "seeds": "2024-09-17 13:32:35 +0000"
    },
    "done": true
  },
  "DataVersion": 3465
}